{ "camera_matrix": [[2.23594249e+03, 0.00000000e+00, 1.98648695e+03],
                  [0.00000000e+00, 2.23333733e+03, 1.56364330e+03],
                  [0.00000000e+00, 0.00000000e+00, 1.00000000e+00]],

  "distortion_coefficient": [[-0.15551675,  0.03203035,  0.0008166,   0.00084792, -0.00522705]]
}